address,amount_usd,success,selector_used,user_agent
0x080063b4801832aac728ec5c7d67cecd9f3b992f,61746,true,[class*=""HeaderInfo_totalAssetInner""],"Mozilla/5.0 (Macintosh; Intel Mac OS X 10_15_7) AppleWebKit/537.36 (KHTML, like Gecko) Chrome/120.0.0.0 Safari/537.36"
0x088f276fa36cab062c48283d75ceb24aa8a6f771,38939,true,[class*=""HeaderInfo_totalAssetInner""],Mozilla/5.0 (Windows NT 10.0; Win64; x64; rv:109.0) Gecko/20100101 Firefox/121.0
0x08cb7d04608cd6c3543edb287108bb4f8426b2a6,993,true,[class*=""HeaderInfo_totalAssetInner""],Mozilla/5.0 (Windows NT 10.0; Win64; x64; rv:109.0) Gecko/20100101 Firefox/121.0
0x096529d95d7742a02532ed8c672fdafa87bc4747,471,true,[class*=""HeaderInfo_totalAssetInner""],Mozilla/5.0 (Macintosh; Intel Mac OS X 10_15_7; rv:109.0) Gecko/20100101 Firefox/115.0
0x0cb6271d8c43695841fe0d8c3cbb4ebe088ec2a3,8655,true,[class*=""HeaderInfo_totalAssetInner""],Mozilla/5.0 (Macintosh; Intel Mac OS X 10_15_7; rv:109.0) Gecko/20100101 Firefox/115.0
0x0fcc60ba6ce0ea2cd094bf07f0cd7ea14e103772,4961,true,[class*=""HeaderInfo_totalAssetInner""],"Mozilla/5.0 (Macintosh; Intel Mac OS X 10_15_7) AppleWebKit/537.36 (KHTML, like Gecko) Chrome/120.0.0.0 Safari/537.36"
0x12acf1f251f4d3c4a83d764b10e54c40f3013c38,49104,true,[class*=""HeaderInfo_totalAssetInner""],Mozilla/5.0 (Windows NT 10.0; Win64; x64; rv:109.0) Gecko/20100101 Firefox/121.0
0x1e1e8a7335e29d93ec4c4e6b2e1fd64e0f307853,10026,true,[class*=""HeaderInfo_totalAssetInner""],"Mozilla/5.0 (Macintosh; Intel Mac OS X 10_15_7) AppleWebKit/605.1.15 (KHTML, like Gecko) Version/17.1 Safari/605.1.15"
0x1f06b613e69c46186b15897f054cc16bc2bb10a0,21,true,[class*=""HeaderInfo_totalAssetInner""],"Mozilla/5.0 (Macintosh; Intel Mac OS X 10_15_7) AppleWebKit/605.1.15 (KHTML, like Gecko) Version/17.1 Safari/605.1.15"
0x20f5ceea3835fa91c0d16e1eeb6c5359fa22cc2f,10233,true,[class*=""HeaderInfo_totalAssetInner""],Mozilla/5.0 (Windows NT 10.0; Win64; x64; rv:109.0) Gecko/20100101 Firefox/121.0
0x229c15011fda808a2b98d487ca55291641740062,3274,true,[class*=""HeaderInfo_totalAssetInner""],"Mozilla/5.0 (Macintosh; Intel Mac OS X 10_15_7) AppleWebKit/537.36 (KHTML, like Gecko) Chrome/120.0.0.0 Safari/537.36"
0x264ef753d3686d2f4a73a2852ced23ca3a6b6f76,99860,true,[class*=""HeaderInfo_totalAssetInner""],Mozilla/5.0 (X11; Ubuntu; Linux x86_64; rv:109.0) Gecko/20100101 Firefox/121.0
0x2a64bfe71241e6bfca8aea600eabc363465ef776,3009,true,[class*=""HeaderInfo_totalAssetInner""],"Mozilla/5.0 (Macintosh; Intel Mac OS X 10_15_7) AppleWebKit/537.36 (KHTML, like Gecko) Chrome/120.0.0.0 Safari/537.36"
0x2ad3641c227a977cacc5ce25a26b4f6e596e9775,185412,true,[class*=""HeaderInfo_totalAssetInner""],"Mozilla/5.0 (Windows NT 10.0; Win64; x64) AppleWebKit/537.36 (KHTML, like Gecko) Chrome/119.0.0.0 Safari/537.36"
0x2b2e3da881eb5eb7db391c7934cd34941cd5fbee,249263,true,[class*=""HeaderInfo_totalAssetInner""],"Mozilla/5.0 (X11; Linux x86_64) AppleWebKit/537.36 (KHTML, like Gecko) Chrome/120.0.0.0 Safari/537.36"
0x2d7235f2ccfdf29e346c591b9e97c05a493fc773,198471,true,[class*=""HeaderInfo_totalAssetInner""],"Mozilla/5.0 (Windows NT 10.0; Win64; x64) AppleWebKit/537.36 (KHTML, like Gecko) Chrome/120.0.0.0 Safari/537.36"
0x3606e39ed7cda9777b9469c40f5befa71a1eb6f6,3004,true,[class*=""HeaderInfo_totalAssetInner""],"Mozilla/5.0 (Windows NT 10.0; Win64; x64) AppleWebKit/537.36 (KHTML, like Gecko) Chrome/120.0.0.0 Safari/537.36"
0x393200a58da0047e1d4ae9559e3c9aa165ab2782,131357,true,[class*=""HeaderInfo_totalAssetInner""],"Mozilla/5.0 (X11; Linux x86_64) AppleWebKit/537.36 (KHTML, like Gecko) Chrome/120.0.0.0 Safari/537.36"
0x3a9f851cb0df5f88f10b0b461a8e9bbbb11ab575,1635,true,[class*=""HeaderInfo_totalAssetInner""],Mozilla/5.0 (X11; Ubuntu; Linux x86_64; rv:109.0) Gecko/20100101 Firefox/121.0
0x3c5477063da98a605624847ffd9ef4d8267378fd,28393,true,[class*=""HeaderInfo_totalAssetInner""],"Mozilla/5.0 (Macintosh; Intel Mac OS X 10_15_7) AppleWebKit/537.36 (KHTML, like Gecko) Chrome/120.0.0.0 Safari/537.36"
0x3d734009ff16366a1d3805e762663cb147136d80,6399,true,[class*=""HeaderInfo_totalAssetInner""],Mozilla/5.0 (Macintosh; Intel Mac OS X 10_15_7; rv:109.0) Gecko/20100101 Firefox/115.0
0x3f411483f9d772a8be8419792abe0313e8931440,57004,true,[class*=""HeaderInfo_totalAssetInner""],Mozilla/5.0 (Macintosh; Intel Mac OS X 10_15_7; rv:109.0) Gecko/20100101 Firefox/115.0
0x3f93bb776eb15c1296112ba80f332910fc41da4d,9554,true,[class*=""HeaderInfo_totalAssetInner""],Mozilla/5.0 (Macintosh; Intel Mac OS X 10_15_7; rv:109.0) Gecko/20100101 Firefox/115.0
0x3fb6e49beddaeb14282066083fa43159b9b95f4e,37758,true,[class*=""HeaderInfo_totalAssetInner""],"Mozilla/5.0 (Windows NT 10.0; Win64; x64) AppleWebKit/537.36 (KHTML, like Gecko) Chrome/120.0.0.0 Safari/537.36"
0x42285a766208bb5c8bfd678758f7e475d42c36af,0,true,[class*=""HeaderInfo_totalAssetInner""],"Mozilla/5.0 (Macintosh; Intel Mac OS X 10_15_7) AppleWebKit/537.36 (KHTML, like Gecko) Chrome/120.0.0.0 Safari/537.36"
0x43cf3e8d2893bc02ca91a52e967c76ee6739958d,218983,true,[class*=""HeaderInfo_totalAssetInner""],Mozilla/5.0 (Windows NT 10.0; Win64; x64; rv:109.0) Gecko/20100101 Firefox/121.0
0x468ad891d5c750f2b07a8d60ceb1bd83e1a9f141,10017,true,[class*=""HeaderInfo_totalAssetInner""],"Mozilla/5.0 (X11; Linux x86_64) AppleWebKit/537.36 (KHTML, like Gecko) Chrome/120.0.0.0 Safari/537.36"
0x47e60bdd18e186a68f4fcf6526b539d600626b1a,1991,true,[class*=""HeaderInfo_totalAssetInner""],"Mozilla/5.0 (Macintosh; Intel Mac OS X 10_15_7) AppleWebKit/605.1.15 (KHTML, like Gecko) Version/17.1 Safari/605.1.15"
0x4bd684588dcc799625c0e66d02728ac8b4cf59af,11023,true,[class*=""HeaderInfo_totalAssetInner""],"Mozilla/5.0 (Windows NT 10.0; Win64; x64) AppleWebKit/537.36 (KHTML, like Gecko) Chrome/120.0.0.0 Safari/537.36"
0x4fc824f7047bfde9a0a8df810d196325b02c9248,91262,true,[class*=""HeaderInfo_totalAssetInner""],Mozilla/5.0 (Windows NT 10.0; Win64; x64; rv:109.0) Gecko/20100101 Firefox/121.0
0x578b6122b8aca611b51fdd04bee8e1319ce1e96e,46236,true,[class*=""HeaderInfo_totalAssetInner""],Mozilla/5.0 (X11; Ubuntu; Linux x86_64; rv:109.0) Gecko/20100101 Firefox/121.0
0x586bbb69942efcbbdc6f711e37a97d2e372a0690,555,true,[class*=""HeaderInfo_totalAssetInner""],"Mozilla/5.0 (Windows NT 10.0; Win64; x64) AppleWebKit/537.36 (KHTML, like Gecko) Chrome/119.0.0.0 Safari/537.36"
0x59e3ce17e18b5615de9a86d45768d21f23439b7a,4167,true,[class*=""HeaderInfo_totalAssetInner""],"Mozilla/5.0 (Windows NT 10.0; Win64; x64) AppleWebKit/537.36 (KHTML, like Gecko) Chrome/119.0.0.0 Safari/537.36"
0x5c63cb44522c979f16e67ee4728349c149fb1ac6,8975,true,[class*=""HeaderInfo_totalAssetInner""],"Mozilla/5.0 (X11; Linux x86_64) AppleWebKit/537.36 (KHTML, like Gecko) Chrome/120.0.0.0 Safari/537.36"
0x5d73b898a0b1307ad54acf8c72f60edf07eb6f76,1157,true,[class*=""HeaderInfo_totalAssetInner""],Mozilla/5.0 (Macintosh; Intel Mac OS X 10_15_7; rv:109.0) Gecko/20100101 Firefox/115.0
0x632cae603b960df08485a69c44b46abc74ec9ece,10012,true,[class*=""HeaderInfo_totalAssetInner""],Mozilla/5.0 (X11; Ubuntu; Linux x86_64; rv:109.0) Gecko/20100101 Firefox/121.0
0x67d06422914a71f3cbf168d80ce5a4b4c930b108,1576219,true,[class*=""HeaderInfo_totalAssetInner""],"Mozilla/5.0 (X11; Linux x86_64) AppleWebKit/537.36 (KHTML, like Gecko) Chrome/120.0.0.0 Safari/537.36"
0x6b758523e380cceeeea0c3e54dafbb1053603b7e,3272,true,[class*=""HeaderInfo_totalAssetInner""],Mozilla/5.0 (Macintosh; Intel Mac OS X 10_15_7; rv:109.0) Gecko/20100101 Firefox/115.0
0x6bc9527bc2226130e941506d0f3afcabb2d7de14,21810,true,[class*=""HeaderInfo_totalAssetInner""],Mozilla/5.0 (X11; Ubuntu; Linux x86_64; rv:109.0) Gecko/20100101 Firefox/121.0
0x6bfe3a1bd917f8fe50eb624d50a0774af03a8b8e,43171,true,[class*=""HeaderInfo_totalAssetInner""],"Mozilla/5.0 (Macintosh; Intel Mac OS X 10_15_7) AppleWebKit/537.36 (KHTML, like Gecko) Chrome/120.0.0.0 Safari/537.36"
0x6f5e2c0e56ff2d1187b1628d17b63e2dfa2f59b6,0,true,[class*=""HeaderInfo_totalAssetInner""],Mozilla/5.0 (Windows NT 10.0; Win64; x64; rv:109.0) Gecko/20100101 Firefox/121.0
0x701e792bc3dd90d3ed707a3b8f78ac007d9aafb8,2969,true,[class*=""HeaderInfo_totalAssetInner""],Mozilla/5.0 (Macintosh; Intel Mac OS X 10_15_7; rv:109.0) Gecko/20100101 Firefox/115.0
0x70e467af0cb9e68afaff0cad9408d51aec9b5c34,4406,true,[class*=""HeaderInfo_totalAssetInner""],Mozilla/5.0 (X11; Ubuntu; Linux x86_64; rv:109.0) Gecko/20100101 Firefox/121.0
0x72450f10dbc7277b4b3441dc54e75b9bc462e8d6,995084,true,[class*=""HeaderInfo_totalAssetInner""],"Mozilla/5.0 (Windows NT 10.0; Win64; x64) AppleWebKit/537.36 (KHTML, like Gecko) Chrome/120.0.0.0 Safari/537.36"
0x786a05b29661a3cfdd45bc0a404a96363795f3fa,68918,true,[class*=""HeaderInfo_totalAssetInner""],"Mozilla/5.0 (Windows NT 10.0; Win64; x64) AppleWebKit/537.36 (KHTML, like Gecko) Chrome/120.0.0.0 Safari/537.36"
0x78a64770ca018469678fccef26eedc15063c1d28,1960,true,[class*=""HeaderInfo_totalAssetInner""],Mozilla/5.0 (Macintosh; Intel Mac OS X 10_15_7; rv:109.0) Gecko/20100101 Firefox/115.0
0x7941dba51da5fb5ecc96b5b3cf73c27d8230cba2,2824,true,[class*=""HeaderInfo_totalAssetInner""],"Mozilla/5.0 (X11; Linux x86_64) AppleWebKit/537.36 (KHTML, like Gecko) Chrome/120.0.0.0 Safari/537.36"
0x79a3d44fac2fb34298c9937c46396ccf33e9559f,88238,true,[class*=""HeaderInfo_totalAssetInner""],"Mozilla/5.0 (X11; Linux x86_64) AppleWebKit/537.36 (KHTML, like Gecko) Chrome/120.0.0.0 Safari/537.36"
0x79a8667434df8778918c07d7ec8641d76190e2ae,9934,true,[class*=""HeaderInfo_totalAssetInner""],Mozilla/5.0 (Windows NT 10.0; Win64; x64; rv:109.0) Gecko/20100101 Firefox/121.0
0x7a33cad63bd0b75a4c453d2e4fcc2845df38712f,170152,true,[class*=""HeaderInfo_totalAssetInner""],"Mozilla/5.0 (Macintosh; Intel Mac OS X 10_15_7) AppleWebKit/537.36 (KHTML, like Gecko) Chrome/120.0.0.0 Safari/537.36"
0x7a6d0f41641906665890ecd0e27a317e99800993,32853,true,[class*=""HeaderInfo_totalAssetInner""],Mozilla/5.0 (Windows NT 10.0; Win64; x64; rv:109.0) Gecko/20100101 Firefox/121.0
0x7ac1303054eb93927aadf6d30379ea2d13e539d4,76582,true,[class*=""HeaderInfo_totalAssetInner""],Mozilla/5.0 (X11; Ubuntu; Linux x86_64; rv:109.0) Gecko/20100101 Firefox/121.0
0x7b5e27136381b7050fa14ca63d1748827ab63dd8,69030,true,[class*=""HeaderInfo_totalAssetInner""],Mozilla/5.0 (Macintosh; Intel Mac OS X 10_15_7; rv:109.0) Gecko/20100101 Firefox/115.0
0x7bb00bfebc4fafefc4a5eae0311dd45204a7cad7,0,true,[class*=""HeaderInfo_totalAssetInner""],"Mozilla/5.0 (Macintosh; Intel Mac OS X 10_15_7) AppleWebKit/537.36 (KHTML, like Gecko) Chrome/120.0.0.0 Safari/537.36"
0x7cf27c136041d03c8d5524888821d0eaba6a05f1,458033,true,[class*=""HeaderInfo_totalAssetInner""],"Mozilla/5.0 (Macintosh; Intel Mac OS X 10_15_7) AppleWebKit/605.1.15 (KHTML, like Gecko) Version/17.1 Safari/605.1.15"
0x7d06ca5a872751a809efde78a06c9660ff862127,538,true,[class*=""HeaderInfo_totalAssetInner""],Mozilla/5.0 (Macintosh; Intel Mac OS X 10_15_7; rv:109.0) Gecko/20100101 Firefox/115.0
0x7d795a75551a3b5c54c77238c14854ca7a1ba3f6,976553,true,[class*=""HeaderInfo_totalAssetInner""],Mozilla/5.0 (Macintosh; Intel Mac OS X 10_15_7; rv:109.0) Gecko/20100101 Firefox/115.0
0x83e0f1c06becedb479d7e635f787155e6f1f2e2d,9580,true,[class*=""HeaderInfo_totalAssetInner""],"Mozilla/5.0 (Macintosh; Intel Mac OS X 10_15_7) AppleWebKit/537.36 (KHTML, like Gecko) Chrome/120.0.0.0 Safari/537.36"
0x8438a0a00bfe46081cf3635730b62dc99d1df4bc,2769,true,[class*=""HeaderInfo_totalAssetInner""],"Mozilla/5.0 (Macintosh; Intel Mac OS X 10_15_7) AppleWebKit/537.36 (KHTML, like Gecko) Chrome/120.0.0.0 Safari/537.36"
0x8584c3e2d3d8f6d7755015db5ff154a3017c4786,12,true,[class*=""HeaderInfo_totalAssetInner""],"Mozilla/5.0 (Windows NT 10.0; Win64; x64) AppleWebKit/537.36 (KHTML, like Gecko) Chrome/119.0.0.0 Safari/537.36"
0x8604ea5e711645f207cd53bd5df400000008362c,11853,true,[class*=""HeaderInfo_totalAssetInner""],Mozilla/5.0 (X11; Ubuntu; Linux x86_64; rv:109.0) Gecko/20100101 Firefox/121.0
0x890e30594bf038628ddb8308fd6306db09d08950,7446,true,[class*=""HeaderInfo_totalAssetInner""],"Mozilla/5.0 (X11; Linux x86_64) AppleWebKit/537.36 (KHTML, like Gecko) Chrome/120.0.0.0 Safari/537.36"
0x89a6fea7c123c3ea32f1d525f6c58f0d93593a39,575,true,[class*=""HeaderInfo_totalAssetInner""],Mozilla/5.0 (Windows NT 10.0; Win64; x64; rv:109.0) Gecko/20100101 Firefox/121.0
0x8b23de46c9a3e0d6448bcbb4d20403e34d30aadf,3234,true,[class*=""HeaderInfo_totalAssetInner""],"Mozilla/5.0 (X11; Linux x86_64) AppleWebKit/537.36 (KHTML, like Gecko) Chrome/120.0.0.0 Safari/537.36"
0x8d92d939c0c459a32a6992452dc2e3511e9f319e,10010,true,[class*=""HeaderInfo_totalAssetInner""],"Mozilla/5.0 (Windows NT 10.0; Win64; x64) AppleWebKit/537.36 (KHTML, like Gecko) Chrome/119.0.0.0 Safari/537.36"
0x94a1b8aadaca98f4ff903d6a524b7bbc058445fc,9917,true,[class*=""HeaderInfo_totalAssetInner""],Mozilla/5.0 (Windows NT 10.0; Win64; x64; rv:109.0) Gecko/20100101 Firefox/121.0
0x9712d71b112bfa9b1247a51ccc545e4c2aa43b30,22899,true,[class*=""HeaderInfo_totalAssetInner""],"Mozilla/5.0 (Windows NT 10.0; Win64; x64) AppleWebKit/537.36 (KHTML, like Gecko) Chrome/119.0.0.0 Safari/537.36"
0x987c8f0e5c906784060a087a2694b3c5f1c97817,106220,true,[class*=""HeaderInfo_totalAssetInner""],"Mozilla/5.0 (Macintosh; Intel Mac OS X 10_15_7) AppleWebKit/537.36 (KHTML, like Gecko) Chrome/120.0.0.0 Safari/537.36"
0x9cf7db3586e0089d932d2b8bc96e0da753c5c737,0,true,[class*=""HeaderInfo_totalAssetInner""],Mozilla/5.0 (Macintosh; Intel Mac OS X 10_15_7; rv:109.0) Gecko/20100101 Firefox/115.0
0x9d493e2eb19964e2e60750062520d59dc4169c62,385947,true,[class*=""HeaderInfo_totalAssetInner""],Mozilla/5.0 (Macintosh; Intel Mac OS X 10_15_7; rv:109.0) Gecko/20100101 Firefox/115.0
0x9eadb75d844112cbf02ef82c0efcdcf7cfcae824,9699,true,[class*=""HeaderInfo_totalAssetInner""],"Mozilla/5.0 (Windows NT 10.0; Win64; x64) AppleWebKit/537.36 (KHTML, like Gecko) Chrome/119.0.0.0 Safari/537.36"
0xa22c38ba66affb6a5117e98a0df2bb9b653e75b7,9878,true,[class*=""HeaderInfo_totalAssetInner""],"Mozilla/5.0 (Macintosh; Intel Mac OS X 10_15_7) AppleWebKit/537.36 (KHTML, like Gecko) Chrome/120.0.0.0 Safari/537.36"
0xa32c266df58fb884bc1c00f528dcad6674efd304,0,true,[class*=""HeaderInfo_totalAssetInner""],"Mozilla/5.0 (Macintosh; Intel Mac OS X 10_15_7) AppleWebKit/537.36 (KHTML, like Gecko) Chrome/120.0.0.0 Safari/537.36"
0xa3b30de0d20af1296c816fcbd67d4df86d4ac84b,56291,true,[class*=""HeaderInfo_totalAssetInner""],"Mozilla/5.0 (X11; Linux x86_64) AppleWebKit/537.36 (KHTML, like Gecko) Chrome/120.0.0.0 Safari/537.36"
0xa5c14f8c953467391b5807c6595461f0405ad4e2,3021,true,[class*=""HeaderInfo_totalAssetInner""],"Mozilla/5.0 (Windows NT 10.0; Win64; x64) AppleWebKit/537.36 (KHTML, like Gecko) Chrome/119.0.0.0 Safari/537.36"
0xa967c7f226a8d4e1149e3b795680bb8a3616c5e5,9062,true,[class*=""HeaderInfo_totalAssetInner""],"Mozilla/5.0 (Macintosh; Intel Mac OS X 10_15_7) AppleWebKit/605.1.15 (KHTML, like Gecko) Version/17.1 Safari/605.1.15"
0xab8b421fc61f9d58e956459100cbce879d3308f1,131623,true,[class*=""HeaderInfo_totalAssetInner""],"Mozilla/5.0 (Windows NT 10.0; Win64; x64) AppleWebKit/537.36 (KHTML, like Gecko) Chrome/120.0.0.0 Safari/537.36"
0xafa5b484ade9f3b062d286c3b150a1187f57b643,75214,true,[class*=""HeaderInfo_totalAssetInner""],"Mozilla/5.0 (Macintosh; Intel Mac OS X 10_15_7) AppleWebKit/537.36 (KHTML, like Gecko) Chrome/120.0.0.0 Safari/537.36"
0xaff3be8f187a9315a0f7355fb11ed957e75efc5a,53675,true,[class*=""HeaderInfo_totalAssetInner""],Mozilla/5.0 (Macintosh; Intel Mac OS X 10_15_7; rv:109.0) Gecko/20100101 Firefox/115.0
0xb29489b08aa6f28a70358f22a9c40fadebf41e60,6075,true,[class*=""HeaderInfo_totalAssetInner""],Mozilla/5.0 (Macintosh; Intel Mac OS X 10_15_7; rv:109.0) Gecko/20100101 Firefox/115.0
0xb7134086a8a88867268214b8a2ce21f92a5b049b,0,true,[class*=""HeaderInfo_totalAssetInner""],"Mozilla/5.0 (X11; Linux x86_64) AppleWebKit/537.36 (KHTML, like Gecko) Chrome/120.0.0.0 Safari/537.36"
0xb863ef9b3cb6619ba98080a48dba05612af52585,0,true,[class*=""HeaderInfo_totalAssetInner""],"Mozilla/5.0 (Windows NT 10.0; Win64; x64) AppleWebKit/537.36 (KHTML, like Gecko) Chrome/119.0.0.0 Safari/537.36"
0xb98e61ac46b3f795fee203dabcbeafc3225fd598,6827,true,[class*=""HeaderInfo_totalAssetInner""],Mozilla/5.0 (Macintosh; Intel Mac OS X 10_15_7; rv:109.0) Gecko/20100101 Firefox/115.0
0xb9d6851835e35d3da82feecc51370b1d632f9e07,9853,true,[class*=""HeaderInfo_totalAssetInner""],"Mozilla/5.0 (Macintosh; Intel Mac OS X 10_15_7) AppleWebKit/605.1.15 (KHTML, like Gecko) Version/17.1 Safari/605.1.15"
0xbbe50b3b20403646528924da884cbe0e6eab797b,42089,true,[class*=""HeaderInfo_totalAssetInner""],"Mozilla/5.0 (Macintosh; Intel Mac OS X 10_15_7) AppleWebKit/605.1.15 (KHTML, like Gecko) Version/17.1 Safari/605.1.15"
0xbd108589bf327025989a351c451568764767c6eb,989,true,[class*=""HeaderInfo_totalAssetInner""],Mozilla/5.0 (X11; Ubuntu; Linux x86_64; rv:109.0) Gecko/20100101 Firefox/121.0
0xbd3a292dfdb9851e11f328c35085924e19aa5b48,58195,true,[class*=""HeaderInfo_totalAssetInner""],"Mozilla/5.0 (Macintosh; Intel Mac OS X 10_15_7) AppleWebKit/605.1.15 (KHTML, like Gecko) Version/17.1 Safari/605.1.15"
0xbf0c919d6517ea7d24ab1445f4ecb414941df688,10541,true,[class*=""HeaderInfo_totalAssetInner""],"Mozilla/5.0 (Windows NT 10.0; Win64; x64) AppleWebKit/537.36 (KHTML, like Gecko) Chrome/119.0.0.0 Safari/537.36"
0xc1e4b23d5a5f45ae20486e2f8e6540b609fda61e,3466,true,[class*=""HeaderInfo_totalAssetInner""],Mozilla/5.0 (Macintosh; Intel Mac OS X 10_15_7; rv:109.0) Gecko/20100101 Firefox/115.0
0xc257c17648f5b6b2f59c51e21f310b44e2c1f723,121208,true,[class*=""HeaderInfo_totalAssetInner""],"Mozilla/5.0 (X11; Linux x86_64) AppleWebKit/537.36 (KHTML, like Gecko) Chrome/120.0.0.0 Safari/537.36"
0xc8b0ab5ae9fd0082dc90a308d65c84025896e389,9714,true,[class*=""HeaderInfo_totalAssetInner""],"Mozilla/5.0 (Macintosh; Intel Mac OS X 10_15_7) AppleWebKit/605.1.15 (KHTML, like Gecko) Version/17.1 Safari/605.1.15"
0xc95c4c089ea9ee3555338dee719edc8a5a2c56fe,3947,true,,
0xcb040f7d0a3809d0f748056e3687aab0c558588f,39,true,[class*=""HeaderInfo_totalAssetInner""],Mozilla/5.0 (Macintosh; Intel Mac OS X 10_15_7; rv:109.0) Gecko/20100101 Firefox/115.0
0xcd210e8f21b6a1d2c9a832681220ad6c6792a360,7065,true,[class*=""HeaderInfo_totalAssetInner""],"Mozilla/5.0 (X11; Linux x86_64) AppleWebKit/537.36 (KHTML, like Gecko) Chrome/120.0.0.0 Safari/537.36"
0xcd3931c814f92494c1de35e89f9e166d805ebcfb,10077,true,[class*=""HeaderInfo_totalAssetInner""],"Mozilla/5.0 (Macintosh; Intel Mac OS X 10_15_7) AppleWebKit/605.1.15 (KHTML, like Gecko) Version/17.1 Safari/605.1.15"
0xcf655bae9b51aeeea7d04c8b2611d457fad588a7,0,true,[class*=""HeaderInfo_totalAssetInner""],Mozilla/5.0 (Windows NT 10.0; Win64; x64; rv:109.0) Gecko/20100101 Firefox/121.0
0xcfdf62de9d81024def4c4efc421d192860326fae,105889,true,[class*=""HeaderInfo_totalAssetInner""],Mozilla/5.0 (X11; Ubuntu; Linux x86_64; rv:109.0) Gecko/20100101 Firefox/121.0
0xd0ce6ab697befca4e0cc265a93b4e8b7f7c96ee2,4420,true,[class*=""HeaderInfo_totalAssetInner""],"Mozilla/5.0 (Windows NT 10.0; Win64; x64) AppleWebKit/537.36 (KHTML, like Gecko) Chrome/120.0.0.0 Safari/537.36"
0xd1ea6253c1b722dbae59c1a0f32a66f1ccf98d3c,10228,true,[class*=""HeaderInfo_totalAssetInner""],"Mozilla/5.0 (X11; Linux x86_64) AppleWebKit/537.36 (KHTML, like Gecko) Chrome/120.0.0.0 Safari/537.36"
0xd2688fcc1c2ebcb40589ef5855d554adac2ac1a2,9904,true,[class*=""HeaderInfo_totalAssetInner""],Mozilla/5.0 (X11; Ubuntu; Linux x86_64; rv:109.0) Gecko/20100101 Firefox/121.0
0xd2740fa3cae559133612a680c8c9b074e3f71eff,2,true,[class*=""HeaderInfo_totalAssetInner""],"Mozilla/5.0 (Macintosh; Intel Mac OS X 10_15_7) AppleWebKit/537.36 (KHTML, like Gecko) Chrome/120.0.0.0 Safari/537.36"
0xd46e2092b2ff22d0e0278187d4ceb75634a62737,30566,true,[class*=""HeaderInfo_totalAssetInner""],"Mozilla/5.0 (Windows NT 10.0; Win64; x64) AppleWebKit/537.36 (KHTML, like Gecko) Chrome/119.0.0.0 Safari/537.36"
0xd5a5edd0deccb7819d2e57820c669aa9bf9f5346,36665,true,[class*=""HeaderInfo_totalAssetInner""],"Mozilla/5.0 (Windows NT 10.0; Win64; x64) AppleWebKit/537.36 (KHTML, like Gecko) Chrome/119.0.0.0 Safari/537.36"
0xd6b03cd1bf554e34a210f31942e2e93806555de9,5112,true,[class*=""HeaderInfo_totalAssetInner""],"Mozilla/5.0 (X11; Linux x86_64) AppleWebKit/537.36 (KHTML, like Gecko) Chrome/120.0.0.0 Safari/537.36"
0xd89a3da01690380ab61ffffcbccccc95cf3ee1ad,87091,true,[class*=""HeaderInfo_totalAssetInner""],"Mozilla/5.0 (X11; Linux x86_64) AppleWebKit/537.36 (KHTML, like Gecko) Chrome/120.0.0.0 Safari/537.36"
0xd9671512bb5f3d413bfcfa44338138f2b1554fe5,3494,true,[class*=""HeaderInfo_totalAssetInner""],"Mozilla/5.0 (X11; Linux x86_64) AppleWebKit/537.36 (KHTML, like Gecko) Chrome/120.0.0.0 Safari/537.36"
0xda11abd3f013e3600ad62b5a66ddbbc20a3d2084,0,true,[class*=""HeaderInfo_totalAssetInner""],Mozilla/5.0 (Macintosh; Intel Mac OS X 10_15_7; rv:109.0) Gecko/20100101 Firefox/115.0
0xe32cf6a5d391e994889631d7c20c037658908cb2,513,true,[class*=""HeaderInfo_totalAssetInner""],Mozilla/5.0 (Windows NT 10.0; Win64; x64; rv:109.0) Gecko/20100101 Firefox/121.0
0xe70831d62a92cb702fc56431b037b5f8eeda6eb5,5135,true,[class*=""HeaderInfo_totalAssetInner""],"Mozilla/5.0 (Macintosh; Intel Mac OS X 10_15_7) AppleWebKit/537.36 (KHTML, like Gecko) Chrome/120.0.0.0 Safari/537.36"
0xe96b6b8633d021771454e1acf0a32d3b1d26bfa9,4623,true,[class*=""HeaderInfo_totalAssetInner""],Mozilla/5.0 (X11; Ubuntu; Linux x86_64; rv:109.0) Gecko/20100101 Firefox/121.0
0xe9e768fdb310a6bed7bf654db1fd3ea79b1bc603,46154,true,[class*=""HeaderInfo_totalAssetInner""],"Mozilla/5.0 (Windows NT 10.0; Win64; x64) AppleWebKit/537.36 (KHTML, like Gecko) Chrome/119.0.0.0 Safari/537.36"
0xeccdcfdb9c3f48d64aa9aa812208bc8a0009eaf8,0,true,[class*=""HeaderInfo_totalAssetInner""],"Mozilla/5.0 (Windows NT 10.0; Win64; x64) AppleWebKit/537.36 (KHTML, like Gecko) Chrome/120.0.0.0 Safari/537.36"
0xee0f84d5721c467bd7765f335539ea9588298b4b,21561,true,[class*=""HeaderInfo_totalAssetInner""],Mozilla/5.0 (Windows NT 10.0; Win64; x64; rv:109.0) Gecko/20100101 Firefox/121.0
0xefb6d8397d65c1713c534ef803f1de089cba2fb7,45927,true,[class*=""HeaderInfo_totalAssetInner""],"Mozilla/5.0 (Windows NT 10.0; Win64; x64) AppleWebKit/537.36 (KHTML, like Gecko) Chrome/119.0.0.0 Safari/537.36"
0xf1ac3af2097b6f5d6917c645d0c5324c63b6f64d,6042,true,[class*=""HeaderInfo_totalAssetInner""],Mozilla/5.0 (X11; Ubuntu; Linux x86_64; rv:109.0) Gecko/20100101 Firefox/121.0
0xf50cbcc17b3b42ee3d1553a0897df387e8c172ae,4477,true,[class*=""HeaderInfo_totalAssetInner""],"Mozilla/5.0 (X11; Linux x86_64) AppleWebKit/537.36 (KHTML, like Gecko) Chrome/120.0.0.0 Safari/537.36"
0xf6335e63ab0ea8b6b1c647894c1a22a87ba7b331,14327,true,[class*=""HeaderInfo_totalAssetInner""],Mozilla/5.0 (Windows NT 10.0; Win64; x64; rv:109.0) Gecko/20100101 Firefox/121.0
0xf6b638c65da1095eb95570b5df77833855a48e74,58338,true,[class*=""HeaderInfo_totalAssetInner""],"Mozilla/5.0 (X11; Linux x86_64) AppleWebKit/537.36 (KHTML, like Gecko) Chrome/120.0.0.0 Safari/537.36"
0xf72ee742dfe3831ef40924a55d788a0e0ad516d2,17333,true,[class*=""HeaderInfo_totalAssetInner""],"Mozilla/5.0 (Macintosh; Intel Mac OS X 10_15_7) AppleWebKit/537.36 (KHTML, like Gecko) Chrome/120.0.0.0 Safari/537.36"
0xfb2175499ce63227051fd85b8992ba4e492e6726,4380,true,[class*=""HeaderInfo_totalAssetInner""],"Mozilla/5.0 (Macintosh; Intel Mac OS X 10_15_7) AppleWebKit/537.36 (KHTML, like Gecko) Chrome/120.0.0.0 Safari/537.36"
0xfb839e26be3902934254ed5c529afa69db883977,20320,true,[class*=""HeaderInfo_totalAssetInner""],"Mozilla/5.0 (X11; Linux x86_64) AppleWebKit/537.36 (KHTML, like Gecko) Chrome/120.0.0.0 Safari/537.36"
0xfc23b245ea7244029a55d661fca0e244f133e971,3452,true,[class*=""HeaderInfo_totalAssetInner""],Mozilla/5.0 (Macintosh; Intel Mac OS X 10_15_7; rv:109.0) Gecko/20100101 Firefox/115.0
0xfd5dd29dc995208f641dc6cf2450c2f2e250935e,982,true,[class*=""HeaderInfo_totalAssetInner""],Mozilla/5.0 (X11; Ubuntu; Linux x86_64; rv:109.0) Gecko/20100101 Firefox/121.0
0xfe7be7edfacd8b5b471d2f769f3dc72ccc512794,1692,true,[class*=""HeaderInfo_totalAssetInner""],Mozilla/5.0 (X11; Ubuntu; Linux x86_64; rv:109.0) Gecko/20100101 Firefox/121.0
0xfe9c29fd14f5c5eda7071888a418cf3e423502c4,6704,true,[class*=""HeaderInfo_totalAssetInner""],Mozilla/5.0 (Windows NT 10.0; Win64; x64; rv:109.0) Gecko/20100101 Firefox/121.0
0xc6ce0762012e8ecdbbfb271c89f75d8a74bdf9bf,101473,true,[class*=""HeaderInfo_totalAssetInner""],"Mozilla/5.0 (Windows NT 10.0; Win64; x64) AppleWebKit/537.36 (KHTML, like Gecko) Chrome/119.0.0.0 Safari/537.36"
0xeac271bdb7d095e9766af7a26ca469d72aaf8a31,1001,true,[class*=""HeaderInfo_totalAssetInner""],"Mozilla/5.0 (Windows NT 10.0; Win64; x64) AppleWebKit/537.36 (KHTML, like Gecko) Chrome/120.0.0.0 Safari/537.36"
0x8659c407ac4480e4a6954a603278a300d6c33918,5061,true,[class*=""HeaderInfo_totalAssetInner""],Mozilla/5.0 (X11; Ubuntu; Linux x86_64; rv:109.0) Gecko/20100101 Firefox/121.0
0xa2f05a1b27665e175339313043318da85dcdcba7,67583,true,[class*=""HeaderInfo_totalAssetInner""],"Mozilla/5.0 (Windows NT 10.0; Win64; x64) AppleWebKit/537.36 (KHTML, like Gecko) Chrome/120.0.0.0 Safari/537.36"
0x8f9f34ee0ea50a91767445b87577d6f5b2870cd8,2162,true,[class*=""HeaderInfo_totalAssetInner""],"Mozilla/5.0 (Macintosh; Intel Mac OS X 10_15_7) AppleWebKit/605.1.15 (KHTML, like Gecko) Version/17.1 Safari/605.1.15"
0x89b295444babb44fdefed628159b619411ec60f2,11823,true,[class*=""HeaderInfo_totalAssetInner""],"Mozilla/5.0 (Windows NT 10.0; Win64; x64) AppleWebKit/537.36 (KHTML, like Gecko) Chrome/119.0.0.0 Safari/537.36"
0x3b60495cf81143cbb7e1016a5dba3be286d9a36b,3121,true,[class*=""HeaderInfo_totalAssetInner""],Mozilla/5.0 (X11; Ubuntu; Linux x86_64; rv:109.0) Gecko/20100101 Firefox/121.0
0x568577a030449ab7f46b209229383e2d1b89412e,29832,true,[class*=""HeaderInfo_totalAssetInner""],Mozilla/5.0 (Windows NT 10.0; Win64; x64; rv:109.0) Gecko/20100101 Firefox/121.0
0xf215e69dbcdb414310c901f4c42e692dccaa8fb2,7615,true,[class*=""HeaderInfo_totalAssetInner""],Mozilla/5.0 (Windows NT 10.0; Win64; x64; rv:109.0) Gecko/20100101 Firefox/121.0
0xd4173b1c3cf5dedb60b6ade416244265c2353455,9927,true,[class*=""HeaderInfo_totalAssetInner""],"Mozilla/5.0 (Windows NT 10.0; Win64; x64) AppleWebKit/537.36 (KHTML, like Gecko) Chrome/120.0.0.0 Safari/537.36"
0x6d3142cefd0d3b69152e47addb224e64e5c05a52,61707,true,[class*=""HeaderInfo_totalAssetInner""],"Mozilla/5.0 (Windows NT 10.0; Win64; x64) AppleWebKit/537.36 (KHTML, like Gecko) Chrome/119.0.0.0 Safari/537.36"
0xacdca174add318a099f3c6f0aa5c74b9e8502192,23983,true,[class*=""HeaderInfo_totalAssetInner""],"Mozilla/5.0 (Windows NT 10.0; Win64; x64) AppleWebKit/537.36 (KHTML, like Gecko) Chrome/119.0.0.0 Safari/537.36"
0xe3a210673795b876faaa9773e4cf3a4cedd96868,9298,true,[class*=""HeaderInfo_totalAssetInner""],Mozilla/5.0 (Macintosh; Intel Mac OS X 10_15_7; rv:109.0) Gecko/20100101 Firefox/115.0
0x276845f52a087002a5e5f8b251e77954d5db7e01,58596,true,[class*=""HeaderInfo_totalAssetInner""],"Mozilla/5.0 (Windows NT 10.0; Win64; x64) AppleWebKit/537.36 (KHTML, like Gecko) Chrome/119.0.0.0 Safari/537.36"
0x08d8c778507fa425d4f8a1d2bf7aa44ad05c7d6f,919,true,[class*=""HeaderInfo_totalAssetInner""],"Mozilla/5.0 (Macintosh; Intel Mac OS X 10_15_7) AppleWebKit/537.36 (KHTML, like Gecko) Chrome/120.0.0.0 Safari/537.36"
0x84fdcb617e8d039fcdf5fb87be6ccf75a2e180f7,9994,true,[class*=""HeaderInfo_totalAssetInner""],"Mozilla/5.0 (X11; Linux x86_64) AppleWebKit/537.36 (KHTML, like Gecko) Chrome/120.0.0.0 Safari/537.36"
0x22caee28c33f3956bd6eea1561c5c844220f8777,1171,true,[class*=""HeaderInfo_totalAssetInner""],
0xa46c6d2cdadc99390dae051e33887fc2d629334a,88345,true,[class*=""HeaderInfo_totalAssetInner""],"Mozilla/5.0 (Macintosh; Intel Mac OS X 10_15_7) AppleWebKit/605.1.15 (KHTML, like Gecko) Version/17.1 Safari/605.1.15"
0xaa2e612e85232c85b242e9926cec445cb730c8be,10741,true,[class*=""HeaderInfo_totalAssetInner""],"Mozilla/5.0 (Windows NT 10.0; Win64; x64) AppleWebKit/537.36 (KHTML, like Gecko) Chrome/120.0.0.0 Safari/537.36"
0x4bce902c97c3dd986eaa8c25b0aa650d2911ced7,10157,true,[class*=""HeaderInfo_totalAssetInner""],"Mozilla/5.0 (Windows NT 10.0; Win64; x64) AppleWebKit/537.36 (KHTML, like Gecko) Chrome/119.0.0.0 Safari/537.36"
0x5c6ef54ccbb2b1024391cc453122c909ce6ba8b5,9559,true,[class*=""HeaderInfo_totalAssetInner""],"Mozilla/5.0 (Windows NT 10.0; Win64; x64) AppleWebKit/537.36 (KHTML, like Gecko) Chrome/120.0.0.0 Safari/537.36"
0x06a5a9b12bf919725e52a64116ec6ff7ae96d491,4635,true,[class*=""HeaderInfo_totalAssetInner""],Mozilla/5.0 (X11; Ubuntu; Linux x86_64; rv:109.0) Gecko/20100101 Firefox/121.0
0x188a937125079db08478e8c0f9c31c0e60893563,4714,true,[class*=""HeaderInfo_totalAssetInner""],"Mozilla/5.0 (X11; Linux x86_64) AppleWebKit/537.36 (KHTML, like Gecko) Chrome/120.0.0.0 Safari/537.36"
0x4832db89f7ecab3e2835e4923f38fdf976311659,1161,true,[class*=""HeaderInfo_totalAssetInner""],"Mozilla/5.0 (Macintosh; Intel Mac OS X 10_15_7) AppleWebKit/537.36 (KHTML, like Gecko) Chrome/120.0.0.0 Safari/537.36"
0xce52e1bda9eda1274eb4b100eb23810a3dba1bff,241581,true,[class*=""HeaderInfo_totalAssetInner""],Mozilla/5.0 (Windows NT 10.0; Win64; x64; rv:109.0) Gecko/20100101 Firefox/121.0
0x9392084e954629e5fd7f34a73ddc89fca38bd080,838332,true,[class*=""HeaderInfo_totalAssetInner""],"Mozilla/5.0 (Windows NT 10.0; Win64; x64) AppleWebKit/537.36 (KHTML, like Gecko) Chrome/119.0.0.0 Safari/537.36"
0x463a4d6a571d2086e205545e0e5f79078ac8cbd7,0,true,[class*=""HeaderInfo_totalAssetInner""],Mozilla/5.0 (X11; Ubuntu; Linux x86_64; rv:109.0) Gecko/20100101 Firefox/121.0
0xd5d02162bc6198911abf3303e42d5766ebd9d4c8,34891,true,[class*=""HeaderInfo_totalAssetInner""],Mozilla/5.0 (Windows NT 10.0; Win64; x64; rv:109.0) Gecko/20100101 Firefox/121.0
0x4153a915dd451a554c95f3e8e2b885fd735412ca,7038,true,[class*=""HeaderInfo_totalAssetInner""],"Mozilla/5.0 (Windows NT 10.0; Win64; x64) AppleWebKit/537.36 (KHTML, like Gecko) Chrome/120.0.0.0 Safari/537.36"
0x2594cc7dfe58181dfe8db7e0119ae89423094ae2,9832,true,[class*=""HeaderInfo_totalAssetInner""],Mozilla/5.0 (Macintosh; Intel Mac OS X 10_15_7; rv:109.0) Gecko/20100101 Firefox/115.0
0x4aa6ee16b34a6bd6b0562192af9277c6519fd6ad,934,true,[class*=""HeaderInfo_totalAssetInner""],"Mozilla/5.0 (Macintosh; Intel Mac OS X 10_15_7) AppleWebKit/537.36 (KHTML, like Gecko) Chrome/120.0.0.0 Safari/537.36"
0x57e314f42bd13f620130805e63c80389613fb224,9553,true,[class*=""HeaderInfo_totalAssetInner""],Mozilla/5.0 (Windows NT 10.0; Win64; x64; rv:109.0) Gecko/20100101 Firefox/121.0
0x43247e1f3d04add528d3ebba4f0eb044776f45c4,9615,true,[class*=""HeaderInfo_totalAssetInner""],"Mozilla/5.0 (X11; Linux x86_64) AppleWebKit/537.36 (KHTML, like Gecko) Chrome/120.0.0.0 Safari/537.36"
0x099cb28be606582241f6003fbd3cfe8bea798043,9982,true,[class*=""HeaderInfo_totalAssetInner""],"Mozilla/5.0 (Macintosh; Intel Mac OS X 10_15_7) AppleWebKit/605.1.15 (KHTML, like Gecko) Version/17.1 Safari/605.1.15"
0x406fa1e73812f1457e754eeeb78911927ec67a50,9990,true,[class*=""HeaderInfo_totalAssetInner""],"Mozilla/5.0 (Macintosh; Intel Mac OS X 10_15_7) AppleWebKit/605.1.15 (KHTML, like Gecko) Version/17.1 Safari/605.1.15"
0x8346de8a7f3d6aeb62bd736aa64b8d2594f3141e,18557,true,[class*=""HeaderInfo_totalAssetInner""],"Mozilla/5.0 (Macintosh; Intel Mac OS X 10_15_7) AppleWebKit/605.1.15 (KHTML, like Gecko) Version/17.1 Safari/605.1.15"
0xa505905535d2e00118a10b6e277d1db5a409945f,37699,true,[class*=""HeaderInfo_totalAssetInner""],"Mozilla/5.0 (X11; Linux x86_64) AppleWebKit/537.36 (KHTML, like Gecko) Chrome/120.0.0.0 Safari/537.36"
0x7bab705e0ac1393da9b8fa388abd6d5027f2bde4,9926,true,[class*=""HeaderInfo_totalAssetInner""],"Mozilla/5.0 (Macintosh; Intel Mac OS X 10_15_7) AppleWebKit/605.1.15 (KHTML, like Gecko) Version/17.1 Safari/605.1.15"
